,V,CPU-WalkSAT,KLIMA-M,KLIMA-G-U,KLIMA-G-N
0,50,0.00380733347873655,0.000184884,4.333303485368383e-05,4.459842674114902e-05
1,100,0.02226421290120695,0.0018567828800504025,0.0003744637443008313,0.0003317334006480617
2,150,0.09534654714078365,0.008319653003666064,0.0014492518320485472,0.0012357382810809427
